date,value,values1,trail
2013-04-28,135.98,155.98,b
2013-04-29,147.49,167.49,b
2013-04-30,146.93,166.93,b
2013-05-01,139.89,159.89,b
2013-05-02,125.6,145.6,b
2013-05-03,108.13,128.13,b
2013-05-04,115.0,135.0,b
2013-05-05,118.8,138.8,b
2013-05-06,124.66,144.66,b
2013-05-07,113.44,133.44,b
2013-05-08,115.78,135.78,b
2013-05-09,113.46,133.45999999999998,b
2013-05-10,122.0,142.0,b
2013-05-11,118.68,138.68,b
2013-05-12,117.45,137.45,b
2013-05-13,118.7,138.7,b
2013-05-14,119.8,139.8,b
2013-05-15,115.81,135.81,b
2013-05-16,118.76,138.76,b
2013-05-17,125.3,145.3,b
2013-05-18,125.25,145.25,b
2013-05-19,124.5,144.5,b
2013-05-20,123.62,143.62,b
2013-05-21,123.0,143.0,b
2013-05-22,124.0,144.0,b
2013-05-23,126.93,146.93,b
2013-05-24,133.85,153.85,b
2013-05-25,133.22,153.22,b
2013-05-26,136.0,156.0,b
2013-05-27,135.47,155.47,b
2013-05-28,130.58,150.58,b
2013-05-29,132.59,152.59,b
2013-05-30,132.25,152.25,b
2013-05-31,129.9,149.9,b
2013-06-01,129.78,149.78,b
2013-06-02,129.4,149.4,b
2013-06-03,122.5,142.5,b
2013-06-04,123.84,143.84,b
2013-06-05,123.47,143.47,b
2013-06-06,123.1,143.1,b
2013-06-07,119.0,139.0,b
2013-06-08,111.42,131.42000000000002,b
2013-06-09,108.99,128.99,b
2013-06-10,110.1,130.1,b
2013-06-11,109.6,129.6,b
2013-06-12,111.79,131.79000000000002,b
2013-06-13,110.3,130.3,b
2013-06-14,104.7,124.7,b
2013-06-15,103.7,123.7,b
2013-06-16,101.6,121.6,b
2013-06-17,102.21,122.21,b
2013-06-18,111.11,131.11,b
2013-06-19,110.22,130.22,b
2013-06-20,114.3,134.3,b
2013-06-21,114.99,134.99,b
2013-06-22,109.96,129.95999999999998,b
2013-06-23,108.8,128.8,b
2013-06-24,108.33,128.32999999999998,b
2013-06-25,106.47,126.47,b
2013-06-26,105.49,125.49,b
2013-06-27,104.0,124.0,b
2013-06-28,101.74,121.74,b
2013-06-29,99.99,119.99,b
2013-06-30,98.12,118.12,b
2013-07-01,97.66,117.66,b
2013-07-02,92.3,112.3,b
2013-07-03,90.98,110.98,b
2013-07-04,83.11,103.11,b
2013-07-05,80.0,100.0,b
2013-07-06,75.0,95.0,b
2013-07-07,74.56,94.56,b
2013-07-08,80.0,100.0,b
2013-07-09,78.3,98.3,b
2013-07-10,87.0,107.0,b
2013-07-11,90.28,110.28,b
2013-07-12,104.0,124.0,b
2013-07-13,98.25,118.25,b
2013-07-14,98.7,118.7,b
2013-07-15,101.9,121.9,b
2013-07-16,99.86,119.86,b
2013-07-17,99.97,119.97,b
2013-07-18,98.8,118.8,b
2013-07-19,95.2,115.2,b
2013-07-20,93.1,113.1,b
2013-07-21,91.95,111.95,b
2013-07-22,92.0,112.0,b
2013-07-23,96.82,116.82,b
2013-07-24,95.99,115.99,b
2013-07-25,97.33,117.33,b
2013-07-26,97.47,117.47,b
2013-07-27,97.0,117.0,b
2013-07-28,100.58,120.58,b
2013-07-29,102.5,122.5,b
2013-07-30,107.99,127.99,b
2013-07-31,111.34,131.34,b
2013-08-01,108.0,128.0,b
2013-08-02,108.0,128.0,b
2013-08-03,105.78,125.78,b
2013-08-04,105.95,125.95,b
2013-08-05,107.77,127.77,b
2013-08-06,107.38,127.38,b
2013-08-07,106.75,126.75,b
2013-08-08,106.75,126.75,b
2013-08-09,105.75,125.75,b
2013-08-10,103.9,123.9,b
2013-08-11,105.19,125.19,b
2013-08-12,108.0,128.0,b
2013-08-13,109.35,129.35,b
2013-08-14,115.0,135.0,b
2013-08-15,113.25,133.25,b
2013-08-16,112.3,132.3,b
2013-08-17,113.75,133.75,b
2013-08-18,114.69,134.69,b
2013-08-19,123.06,143.06,b
2013-08-20,123.01,143.01,b
2013-08-21,124.91,144.91,b
2013-08-22,123.5,143.5,b
2013-08-23,122.0,142.0,b
2013-08-24,121.39,141.39,b
2013-08-25,122.99,142.99,b
2013-08-26,122.75,142.75,b
2013-08-27,127.24,147.24,b
2013-08-28,127.32,147.32,b
2013-08-29,123.7,143.7,b
2013-08-30,135.75,155.75,b
2013-08-31,140.89,160.89,b
2013-09-01,145.81,165.81,b
2013-09-02,146.5,166.5,b
2013-09-03,138.34,158.34,b
2013-09-04,144.5,164.5,b
2013-09-05,131.44,151.44,b
2013-09-06,127.34,147.34,b
2013-09-07,125.94,145.94,b
2013-09-08,124.72,144.72,b
2013-09-09,129.06,149.06,b
2013-09-10,129.74,149.74,b
2013-09-11,137.83,157.83,b
2013-09-12,136.08,156.08,b
2013-09-13,137.58,157.58,b
2013-09-14,135.85,155.85,b
2013-09-15,131.44,151.44,b
2013-09-16,132.72,152.72,b
2013-09-17,132.76,152.76,b
2013-09-18,133.2,153.2,b
2013-09-19,131.77,151.77,b
2013-09-20,135.62,155.62,b
2013-09-21,128.61,148.61,b
2013-09-22,133.94,153.94,b
2013-09-23,132.72,152.72,b
2013-09-24,127.46,147.45999999999998,b
2013-09-25,129.69,149.69,b
2013-09-26,134.93,154.93,b
2013-09-27,134.74,154.74,b
2013-09-28,135.63,155.63,b
2013-09-29,140.61,160.61,b
2013-09-30,138.35,158.35,b
2013-10-01,134.63,154.63,b
2013-10-02,133.59,153.59,b
2013-10-03,123.63,143.63,b
2013-10-04,130.09,150.09,b
2013-10-05,130.44,150.44,b
2013-10-06,129.66,149.66,b
2013-10-07,130.27,150.27,b
2013-10-08,127.47,147.47,b
2013-10-09,131.75,151.75,b
2013-10-10,131.5,151.5,b
2013-10-11,131.81,151.81,b
2013-10-12,135.66,155.66,b
2013-10-13,138.66,158.66,b
2013-10-14,144.12,164.12,b
2013-10-15,145.39,165.39,b
2013-10-16,152.23,172.23,b
2013-10-17,147.42,167.42,b
2013-10-18,155.96,175.96,b
2013-10-19,177.48,197.48,b
2013-10-20,174.91,194.91,b
2013-10-21,184.82,204.82,b
2013-10-22,196.27,216.27,b
2013-10-23,213.62,233.62,b
2013-10-24,217.42,237.42,b
2013-10-25,198.87,218.87,b
2013-10-26,188.41,208.41,b
2013-10-27,196.44,216.44,b
2013-10-28,198.62,218.62,b
2013-10-29,204.79,224.79,b
2013-10-30,209.16,229.16,b
2013-10-31,205.18,225.18,b
2013-11-01,206.65,226.65,b
2013-11-02,207.76,227.76,b
2013-11-03,215.05,235.05,b
2013-11-04,231.01,251.01,b
2013-11-05,250.66,270.65999999999997,b
2013-11-06,263.0,283.0,b
2013-11-07,304.17,324.17,b
2013-11-08,338.66,358.66,b
2013-11-09,370.82,390.82,b
2013-11-10,350.7,370.7,b
2013-11-11,351.27,371.27,b
2013-11-12,362.81,382.81,b
2013-11-13,414.05,434.05,b
2013-11-14,425.9,445.9,b
2013-11-15,437.89,457.89,b
2013-11-16,450.26,470.26,b
2013-11-17,500.58,520.5799999999999,b
2013-11-18,703.78,723.78,b
2013-11-19,806.11,826.11,b
2013-11-20,599.65,619.65,b
2013-11-21,733.4,753.4,b
2013-11-22,780.85,800.85,b
2013-11-23,844.97,864.97,b
2013-11-24,807.36,827.36,b
2013-11-25,810.68,830.68,b
2013-11-26,928.54,948.54,b
2013-11-27,1001.96,1021.96,b
2013-11-28,1077.56,1097.56,b
2013-11-29,1146.97,1166.97,b
2013-11-30,1156.14,1176.14,b
2013-12-01,1133.08,1153.08,b
2013-12-02,1055.42,1075.42,b
2013-12-03,1096.0,1116.0,b
2013-12-04,1156.12,1176.12,b
2013-12-05,1154.36,1174.36,b
2013-12-06,1042.38,1062.38,b
2013-12-07,854.64,874.64,b
2013-12-08,802.51,822.51,b
2013-12-09,921.93,941.93,b
2013-12-10,997.23,1017.23,b
2013-12-11,1001.58,1021.58,b
2013-12-12,901.94,921.94,b
2013-12-13,941.79,961.79,b
2013-12-14,904.65,924.65,b
2013-12-15,886.16,906.16,b
2013-12-16,882.25,902.25,b
2013-12-17,754.83,774.83,b
2013-12-18,679.32,699.32,b
2013-12-19,707.23,727.23,b
2013-12-20,729.16,749.16,b
2013-12-21,654.27,674.27,b
2013-12-22,666.74,686.74,b
2013-12-23,680.91,700.91,b
2013-12-24,684.39,704.39,b
2013-12-25,682.7,702.7,b
2013-12-26,777.75,797.75,b
2013-12-27,777.51,797.51,b
2013-12-28,747.06,767.06,b
2013-12-29,748.61,768.61,b
2013-12-30,766.6,786.6,b
2013-12-31,760.58,780.58,b
2014-01-01,775.35,795.35,b
2014-01-02,820.31,840.31,b
2014-01-03,834.15,854.15,b
2014-01-04,859.51,879.51,b
2014-01-05,952.4,972.4,b
2014-01-06,1017.12,1037.12,b
2014-01-07,965.74,985.74,b
2014-01-08,870.68,890.68,b
2014-01-09,864.36,884.36,b
2014-01-10,871.19,891.19,b
2014-01-11,921.48,941.48,b
2014-01-12,928.52,948.52,b
2014-01-13,861.29,881.29,b
2014-01-14,855.69,875.69,b
2014-01-15,872.81,892.81,b
2014-01-16,866.16,886.16,b
2014-01-17,842.91,862.91,b
2014-01-18,841.49,861.49,b
2014-01-19,870.96,890.96,b
2014-01-20,886.39,906.39,b
2014-01-21,881.2,901.2,b
2014-01-22,870.15,890.15,b
2014-01-23,851.57,871.57,b
2014-01-24,822.43,842.43,b
2014-01-25,861.45,881.45,b
2014-01-26,897.02,917.02,b
2014-01-27,893.0,913.0,b
2014-01-28,832.5,852.5,b
2014-01-29,836.87,856.87,b
2014-01-30,830.5,850.5,b
2014-01-31,831.87,851.87,b
2014-02-01,853.52,873.52,b
2014-02-02,844.72,864.72,b
2014-02-03,826.48,846.48,b
2014-02-04,840.17,860.17,b
2014-02-05,837.32,857.32,b
2014-02-06,819.81,839.81,b
2014-02-07,783.2,803.2,b
2014-02-08,721.82,741.82,b
2014-02-09,712.27,732.27,b
2014-02-10,703.71,723.71,b
2014-02-11,712.46,732.46,b
2014-02-12,672.9,692.9,b
2014-02-13,657.99,677.99,b
2014-02-14,691.72,711.72,b
2014-02-15,661.84,681.84,b
2014-02-16,665.1,685.1,b
2014-02-17,656.95,676.95,b
2014-02-18,645.76,665.76,b
2014-02-19,631.77,651.77,b
2014-02-20,627.73,647.73,b
2014-02-21,582.96,602.96,b
2014-02-22,614.48,634.48,b
2014-02-23,639.91,659.91,b
2014-02-24,607.61,627.61,b
2014-02-25,541.38,561.38,b
2014-02-26,603.8,623.8,b
2014-02-27,594.05,614.05,b
2014-02-28,584.14,604.14,b
2014-03-01,573.38,593.38,b
2014-03-02,570.48,590.48,b
2014-03-03,702.91,722.91,b
2014-03-04,696.22,716.22,b
2014-03-05,674.28,694.28,b
2014-03-06,669.77,689.77,b
2014-03-07,665.34,685.34,b
2014-03-08,635.14,655.14,b
2014-03-09,643.95,663.95,b
2014-03-10,644.76,664.76,b
2014-03-11,638.42,658.42,b
2014-03-12,648.03,668.03,b
2014-03-13,644.2,664.2,b
2014-03-14,639.53,659.53,b
2014-03-15,639.14,659.14,b
2014-03-16,637.52,657.52,b
2014-03-17,632.68,652.68,b
2014-03-18,622.39,642.39,b
2014-03-19,622.0,642.0,b
2014-03-20,609.75,629.75,b
2014-03-21,604.59,624.59,b
2014-03-22,572.55,592.55,b
2014-03-23,570.24,590.24,b
2014-03-24,586.56,606.56,b
2014-03-25,585.44,605.44,b
2014-03-26,590.03,610.03,b
2014-03-27,580.56,600.56,b
2014-03-28,526.02,546.02,b
2014-03-29,504.86,524.86,b
2014-03-30,492.37,512.37,b
2014-03-31,483.02,503.02,b
2014-04-01,495.34,515.3399999999999,b
2014-04-02,495.05,515.05,b
2014-04-03,449.56,469.56,b
2014-04-04,454.65,474.65,b
2014-04-05,463.57,483.57,b
2014-04-06,466.32,486.32,b
2014-04-07,462.56,482.56,b
2014-04-08,457.42,477.42,b
2014-04-09,455.73,475.73,b
2014-04-10,443.37,463.37,b
2014-04-11,429.77,449.77,b
2014-04-12,439.61,459.61,b
2014-04-13,427.4,447.4,b
2014-04-14,469.75,489.75,b
2014-04-15,519.0,539.0,b
2014-04-16,542.38,562.38,b
2014-04-17,533.52,553.52,b
2014-04-18,498.6,518.6,b
2014-04-19,503.56,523.56,b
2014-04-20,510.87,530.87,b
2014-04-21,510.57,530.5699999999999,b
2014-04-22,503.22,523.22,b
2014-04-23,493.25,513.25,b
2014-04-24,500.46,520.46,b
2014-04-25,500.3,520.3,b
2014-04-26,464.54,484.54,b
2014-04-27,459.33,479.33,b
2014-04-28,447.53,467.53,b
2014-04-29,451.64,471.64,b
2014-04-30,451.1,471.1,b
2014-05-01,460.61,480.61,b
2014-05-02,457.93,477.93,b
2014-05-03,449.4,469.4,b
2014-05-04,439.77,459.77,b
2014-05-05,440.97,460.97,b
2014-05-06,448.04,468.04,b
2014-05-07,446.13,466.13,b
2014-05-08,448.4,468.4,b
2014-05-09,452.69,472.69,b
2014-05-10,455.77,475.77,b
2014-05-11,455.34,475.34,b
2014-05-12,442.26,462.26,b
2014-05-13,441.98,461.98,b
2014-05-14,446.66,466.66,b
2014-05-15,449.8,469.8,b
2014-05-16,450.66,470.66,b
2014-05-17,451.98,471.98,b
2014-05-18,449.77,469.77,b
2014-05-19,447.56,467.56,b
2014-05-20,491.44,511.44,b
2014-05-21,494.37,514.37,b
2014-05-22,525.36,545.36,b
2014-05-23,541.96,561.96,b
2014-05-24,525.17,545.17,b
2014-05-25,576.48,596.48,b
2014-05-26,588.39,608.39,b
2014-05-27,589.52,609.52,b
2014-05-28,578.62,598.62,b
2014-05-29,577.1,597.1,b
2014-05-30,618.46,638.46,b
2014-05-31,624.72,644.72,b
2014-06-01,671.51,691.51,b
2014-06-02,665.5,685.5,b
2014-06-03,674.11,694.11,b
2014-06-04,668.56,688.56,b
2014-06-05,663.53,683.53,b
2014-06-06,661.37,681.37,b
2014-06-07,656.94,676.94,b
2014-06-08,658.88,678.88,b
2014-06-09,657.7,677.7,b
2014-06-10,659.62,679.62,b
2014-06-11,657.04,677.04,b
2014-06-12,638.11,658.11,b
2014-06-13,615.14,635.14,b
2014-06-14,601.27,621.27,b
2014-06-15,592.94,612.94,b
2014-06-16,608.72,628.72,b
2014-06-17,610.89,630.89,b
2014-06-18,615.88,635.88,b
2014-06-19,612.24,632.24,b
2014-06-20,599.75,619.75,b
2014-06-21,599.46,619.46,b
2014-06-22,606.0,626.0,b
2014-06-23,603.21,623.21,b
2014-06-24,596.97,616.97,b
2014-06-25,583.6,603.6,b
2014-06-26,581.63,601.63,b
2014-06-27,600.12,620.12,b
2014-06-28,604.47,624.47,b
2014-06-29,604.08,624.08,b
2014-06-30,645.15,665.15,b
2014-07-01,657.86,677.86,b
2014-07-02,656.68,676.68,b
2014-07-03,650.77,670.77,b
2014-07-04,648.43,668.43,b
2014-07-05,633.22,653.22,b
2014-07-06,638.65,658.65,b
2014-07-07,637.16,657.16,b
2014-07-08,626.7,646.7,b
2014-07-09,627.0,647.0,b
2014-07-10,626.12,646.12,b
2014-07-11,632.09,652.09,b
2014-07-12,636.66,656.66,b
2014-07-13,634.73,654.73,b
2014-07-14,627.34,647.34,b
2014-07-15,625.14,645.14,b
2014-07-16,623.09,643.09,b
2014-07-17,626.29,646.29,b
2014-07-18,629.21,649.21,b
2014-07-19,629.17,649.17,b
2014-07-20,628.56,648.56,b
2014-07-21,624.09,644.09,b
2014-07-22,624.3,644.3,b
2014-07-23,624.43,644.43,b
2014-07-24,620.43,640.43,b
2014-07-25,607.07,627.07,b
2014-07-26,602.09,622.09,b
2014-07-27,598.94,618.94,b
2014-07-28,594.57,614.57,b
2014-07-29,588.38,608.38,b
2014-07-30,585.12,605.12,b
2014-07-31,586.24,606.24,b
2014-08-01,597.92,617.92,b
2014-08-02,594.91,614.91,b
2014-08-03,589.15,609.15,b
2014-08-04,591.95,611.95,b
2014-08-05,589.87,609.87,b
2014-08-06,587.49,607.49,b
2014-08-07,591.1,611.1,b
2014-08-08,598.12,618.12,b
2014-08-09,592.47,612.47,b
2014-08-10,594.46,614.46,b
2014-08-11,591.51,611.51,b
2014-08-12,576.95,596.95,b
2014-08-13,573.03,593.03,b
2014-08-14,546.24,566.24,b
2014-08-15,518.18,538.18,b
2014-08-16,521.48,541.48,b
2014-08-17,520.19,540.19,b
2014-08-18,499.37,519.37,b
2014-08-19,485.71,505.71,b
2014-08-20,518.28,538.28,b
2014-08-21,531.9,551.9,b
2014-08-22,521.48,541.48,b
2014-08-23,514.3,534.3,b
2014-08-24,512.89,532.89,b
2014-08-25,508.22,528.22,b
2014-08-26,512.69,532.69,b
2014-08-27,520.71,540.71,b
2014-08-28,516.16,536.16,b
2014-08-29,511.69,531.69,b
2014-08-30,509.31,529.31,b
2014-08-31,504.88,524.88,b
2014-09-01,485.31,505.31,b
2014-09-02,482.99,502.99,b
2014-09-03,481.71,501.71,b
2014-09-04,493.93,513.9300000000001,b
2014-09-05,490.64,510.64,b
2014-09-06,488.6,508.6,b
2014-09-07,488.07,508.07,b
2014-09-08,489.83,509.83,b
2014-09-09,477.38,497.38,b
2014-09-10,487.47,507.47,b
2014-09-11,482.35,502.35,b
2014-09-12,479.63,499.63,b
2014-09-13,482.12,502.12,b
2014-09-14,479.85,499.85,b
2014-09-15,478.62,498.62,b
2014-09-16,475.64,495.64,b
2014-09-17,468.17,488.17,b
2014-09-18,456.86,476.86,b
2014-09-19,427.83,447.83,b
2014-09-20,423.3,443.3,b
2014-09-21,412.43,432.43,b
2014-09-22,406.92,426.92,b
2014-09-23,441.56,461.56,b
2014-09-24,436.11,456.11,b
2014-09-25,423.52,443.52,b
2014-09-26,414.94,434.94,b
2014-09-27,406.62,426.62,b
2014-09-28,401.02,421.02,b
2014-09-29,385.21,405.21,b
2014-09-30,390.98,410.98,b
2014-10-01,391.38,411.38,b
2014-10-02,385.5,405.5,b
2014-10-03,377.69,397.69,b
2014-10-04,364.49,384.49,b
2014-10-05,341.8,361.8,b
2014-10-06,345.13,365.13,b
2014-10-07,339.25,359.25,b
2014-10-08,354.36,374.36,b
2014-10-09,382.73,402.73,b
2014-10-10,375.07,395.07,b
2014-10-11,367.19,387.19,b
2014-10-12,379.43,399.43,b
2014-10-13,397.23,417.23,b
2014-10-14,411.7,431.7,b
2014-10-15,402.23,422.23,b
2014-10-16,398.81,418.81,b
2014-10-17,385.48,405.48,b
2014-10-18,395.16,415.16,b
2014-10-19,393.94,413.94,b
2014-10-20,390.08,410.08,b
2014-10-21,392.65,412.65,b
2014-10-22,388.58,408.58,b
2014-10-23,385.05,405.05,b
2014-10-24,364.35,384.35,b
2014-10-25,359.86,379.86,b
2014-10-26,359.22,379.22,b
2014-10-27,358.63,378.63,b
2014-10-28,359.98,379.98,b
2014-10-29,357.83,377.83,b
2014-10-30,350.91,370.91,b
2014-10-31,348.05,368.05,b
2014-11-01,340.53,360.53,b
2014-11-02,329.05,349.05,b
2014-11-03,334.0,354.0,b
2014-11-04,331.77,351.77,b
2014-11-05,343.37,363.37,b
2014-11-06,352.97,372.97,b
2014-11-07,352.73,372.73,b
2014-11-08,347.03,367.03,b
2014-11-09,363.63,383.63,b
2014-11-10,374.82,394.82,b
2014-11-11,371.31,391.31,b
2014-11-12,429.72,449.72,b
2014-11-13,457.09,477.09,b
2014-11-14,419.25,439.25,b
2014-11-15,405.53,425.53,b
2014-11-16,390.8,410.8,b
2014-11-17,410.2,430.2,b
2014-11-18,392.4,412.4,b
2014-11-19,386.48,406.48,b
2014-11-20,382.02,402.02,b
2014-11-21,357.88,377.88,b
2014-11-22,364.84,384.84,b
2014-11-23,370.85,390.85,b
2014-11-24,387.21,407.21,b
2014-11-25,394.7,414.7,b
2014-11-26,377.7,397.7,b
2014-11-27,373.99,393.99,b
2014-11-28,382.84,402.84,b
2014-11-29,387.6,407.6,b
2014-11-30,382.53,402.53,b
2014-12-01,383.66,403.66,b
2014-12-02,384.04,404.04,b
2014-12-03,383.03,403.03,b
2014-12-04,378.65,398.65,b
2014-12-05,379.19,399.19,b
2014-12-06,378.45,398.45,b
2014-12-07,376.29,396.29,b
2014-12-08,376.03,396.03,b
2014-12-09,363.07,383.07,b
2014-12-10,352.38,372.38,b
2014-12-11,361.36,381.36,b
2014-12-12,352.98,372.98,b
2014-12-13,352.38,372.38,b
2014-12-14,353.32,373.32,b
2014-12-15,351.81,371.81,b
2014-12-16,345.86,365.86,b
2014-12-17,333.95,353.95,b
2014-12-18,323.71,343.71,b
2014-12-19,318.53,338.53,b
2014-12-20,330.32,350.32,b
2014-12-21,329.63,349.63,b
2014-12-22,334.12,354.12,b
2014-12-23,336.29,356.29,b
2014-12-24,334.74,354.74,b
2014-12-25,322.67,342.67,b
2014-12-26,331.42,351.42,b
2014-12-27,328.91,348.91,b
2014-12-28,320.03,340.03,b
2014-12-29,320.27,340.27,b
2014-12-30,314.81,334.81,b
2014-12-31,320.19,340.19,b
2015-01-01,320.44,340.44,b
2015-01-02,315.84,335.84,b
2015-01-03,315.15,335.15,b
2015-01-04,287.23,307.23,b
2015-01-05,278.34,298.34,b
2015-01-06,287.55,307.55,b
2015-01-07,298.75,318.75,b
2015-01-08,294.13,314.13,b
2015-01-09,291.11,311.11,b
2015-01-10,288.13,308.13,b
2015-01-11,279.64,299.64,b
2015-01-12,272.2,292.2,b
2015-01-13,268.28,288.28,b
2015-01-14,223.89,243.89,b
2015-01-15,229.07,249.07,b
2015-01-16,221.59,241.59,b
2015-01-17,211.73,231.73,b
2015-01-18,218.69,238.69,b
2015-01-19,216.73,236.73,b
2015-01-20,215.24,235.24,b
2015-01-21,227.79,247.79,b
2015-01-22,237.02,257.02,b
2015-01-23,234.84,254.84,b
2015-01-24,248.21,268.21000000000004,b
2015-01-25,255.07,275.07,b
2015-01-26,309.38,329.38,b
2015-01-27,275.48,295.48,b
2015-01-28,266.54,286.54,b
2015-01-29,238.71,258.71000000000004,b
2015-01-30,242.85,262.85,b
2015-01-31,233.5,253.5,b
2015-02-01,231.57,251.57,b
2015-02-02,242.18,262.18,b
2015-02-03,245.96,265.96000000000004,b
2015-02-04,230.06,250.06,b
2015-02-05,239.41,259.40999999999997,b
2015-02-06,230.51,250.51,b
2015-02-07,230.3,250.3,b
2015-02-08,229.44,249.44,b
2015-02-09,223.98,243.98,b
2015-02-10,221.81,241.81,b
2015-02-11,223.41,243.41,b
2015-02-12,222.2,242.2,b
2015-02-13,240.26,260.26,b
2015-02-14,259.81,279.81,b
2015-02-15,265.61,285.61,b
2015-02-16,239.52,259.52,b
2015-02-17,245.78,265.78,b
2015-02-18,244.25,264.25,b
2015-02-19,242.67,262.66999999999996,b
2015-02-20,247.1,267.1,b
2015-02-21,255.32,275.32,b
2015-02-22,246.39,266.39,b
2015-02-23,240.11,260.11,b
2015-02-24,239.9,259.9,b
2015-02-25,239.34,259.34000000000003,b
2015-02-26,237.71,257.71000000000004,b
2015-02-27,256.65,276.65,b
2015-02-28,254.69,274.69,b
2015-03-01,261.66,281.66,b
2015-03-02,276.3,296.3,b
2015-03-03,285.8,305.8,b
2015-03-04,284.23,304.23,b
2015-03-05,281.67,301.67,b
2015-03-06,277.61,297.61,b
2015-03-07,277.85,297.85,b
2015-03-08,277.86,297.86,b
2015-03-09,292.7,312.7,b
2015-03-10,300.04,320.04,b
2015-03-11,297.39,317.39,b
2015-03-12,297.09,317.09,b
2015-03-13,294.5,314.5,b
2015-03-14,286.34,306.34,b
2015-03-15,286.53,306.53,b
2015-03-16,294.11,314.11,b
2015-03-17,292.37,312.37,b
2015-03-18,285.34,305.34,b
2015-03-19,264.24,284.24,b
2015-03-20,264.85,284.85,b
2015-03-21,262.2,282.2,b
2015-03-22,269.75,289.75,b
2015-03-23,277.3,297.3,b
2015-03-24,267.0,287.0,b
2015-03-25,249.19,269.19,b
2015-03-26,254.35,274.35,b
2015-03-27,256.81,276.81,b
2015-03-28,254.21,274.21000000000004,b
2015-03-29,253.14,273.14,b
2015-03-30,249.24,269.24,b
2015-03-31,248.73,268.73,b
2015-04-01,247.54,267.53999999999996,b
2015-04-02,254.46,274.46000000000004,b
2015-04-03,256.04,276.04,b
2015-04-04,255.26,275.26,b
2015-04-05,260.68,280.68,b
2015-04-06,261.8,281.8,b
2015-04-07,255.81,275.81,b
2015-04-08,253.85,273.85,b
2015-04-09,246.12,266.12,b
2015-04-10,243.69,263.69,b
2015-04-11,239.54,259.53999999999996,b
2015-04-12,237.73,257.73,b
2015-04-13,236.94,256.94,b
2015-04-14,224.98,244.98,b
2015-04-15,223.83,243.83,b
2015-04-16,229.67,249.67,b
2015-04-17,228.91,248.91,b
2015-04-18,224.32,244.32,b
2015-04-19,226.35,246.35,b
2015-04-20,226.35,246.35,b
2015-04-21,235.27,255.27,b
2015-04-22,237.91,257.90999999999997,b
2015-04-23,236.47,256.47,b
2015-04-24,236.31,256.31,b
2015-04-25,232.56,252.56,b
2015-04-26,226.94,246.94,b
2015-04-27,233.31,253.31,b
2015-04-28,229.5,249.5,b
2015-04-29,227.04,247.04,b
2015-04-30,239.56,259.56,b
2015-05-01,238.97,258.97,b
2015-05-02,235.73,255.73,b
2015-05-03,243.24,263.24,b
2015-05-04,242.64,262.64,b
2015-05-05,239.2,259.2,b
2015-05-06,236.45,256.45,b
2015-05-07,239.1,259.1,b
2015-05-08,246.28,266.28,b
2015-05-09,247.8,267.8,b
2015-05-10,244.07,264.07,b
2015-05-11,244.27,264.27,b
2015-05-12,242.88,262.88,b
2015-05-13,243.7,263.7,b
2015-05-14,237.8,257.8,b
2015-05-15,238.75,258.75,b
2015-05-16,237.7,257.7,b
2015-05-17,238.03,258.03,b
2015-05-18,237.21,257.21000000000004,b
2015-05-19,234.15,254.15,b
2015-05-20,234.68,254.68,b
2015-05-21,236.24,256.24,b
2015-05-22,240.97,260.97,b
2015-05-23,241.03,261.03,b
2015-05-24,241.98,261.98,b
2015-05-25,241.02,261.02,b
2015-05-26,238.24,258.24,b
2015-05-27,238.64,258.64,b
2015-05-28,237.82,257.82,b
2015-05-29,237.52,257.52,b
2015-05-30,237.09,257.09000000000003,b
2015-05-31,233.25,253.25,b
2015-06-01,231.71,251.71,b
2015-06-02,226.42,246.42,b
2015-06-03,227.4,247.4,b
2015-06-04,226.58,246.58,b
2015-06-05,225.97,245.97,b
2015-06-06,225.72,245.72,b
2015-06-07,226.19,246.19,b
2015-06-08,229.46,249.46,b
2015-06-09,230.95,250.95,b
2015-06-10,229.78,249.78,b
2015-06-11,230.29,250.29,b
2015-06-12,231.06,251.06,b
2015-06-13,232.65,252.65,b
2015-06-14,234.86,254.86,b
2015-06-15,237.84,257.84000000000003,b
2015-06-16,251.74,271.74,b
2015-06-17,256.85,276.85,b
2015-06-18,252.11,272.11,b
2015-06-19,250.98,270.98,b
2015-06-20,245.83,265.83000000000004,b
2015-06-21,245.22,265.22,b
2015-06-22,247.92,267.91999999999996,b
2015-06-23,247.3,267.3,b
2015-06-24,244.34,264.34000000000003,b
2015-06-25,243.33,263.33000000000004,b
2015-06-26,243.75,263.75,b
2015-06-27,251.34,271.34000000000003,b
2015-06-28,251.17,271.16999999999996,b
2015-06-29,257.17,277.17,b
2015-06-30,267.87,287.87,b
2015-07-01,265.17,285.17,b
2015-07-02,261.63,281.63,b
2015-07-03,257.08,277.08,b
2015-07-04,261.46,281.46,b
2015-07-05,274.51,294.51,b
2015-07-06,277.42,297.42,b
2015-07-07,271.34,291.34,b
2015-07-08,272.97,292.97,b
2015-07-09,272.33,292.33,b
2015-07-10,294.59,314.59,b
2015-07-11,298.51,318.51,b
2015-07-12,314.39,334.39,b
2015-07-13,310.95,330.95,b
2015-07-14,296.15,316.15,b
2015-07-15,293.25,313.25,b
2015-07-16,291.18,311.18,b
2015-07-17,280.28,300.28,b
2015-07-18,282.53,302.53,b
2015-07-19,275.67,295.67,b
2015-07-20,278.98,298.98,b
2015-07-21,280.55,300.55,b
2015-07-22,277.67,297.67,b
2015-07-23,278.11,298.11,b
2015-07-24,289.25,309.25,b
2015-07-25,290.73,310.73,b
2015-07-26,293.05,313.05,b
2015-07-27,297.77,317.77,b
2015-07-28,296.65,316.65,b
2015-07-29,294.54,314.54,b
2015-07-30,290.13,310.13,b
2015-07-31,288.96,308.96,b
2015-08-01,284.93,304.93,b
2015-08-02,283.03,303.03,b
2015-08-03,285.47,305.47,b
2015-08-04,285.71,305.71,b
2015-08-05,285.5,305.5,b
2015-08-06,281.91,301.91,b
2015-08-07,280.39,300.39,b
2015-08-08,279.93,299.93,b
2015-08-09,267.0,287.0,b
2015-08-10,267.03,287.03,b
2015-08-11,270.39,290.39,b
2015-08-12,270.67,290.67,b
2015-08-13,266.23,286.23,b
2015-08-14,267.47,287.47,b
2015-08-15,266.67,286.67,b
2015-08-16,262.44,282.44,b
2015-08-17,260.5,280.5,b
2015-08-18,257.99,277.99,b
2015-08-19,237.41,257.40999999999997,b
2015-08-20,237.37,257.37,b
2015-08-21,236.43,256.43,b
2015-08-22,234.96,254.96,b
2015-08-23,232.71,252.71,b
2015-08-24,228.14,248.14,b
2015-08-25,226.32,246.32,b
2015-08-26,231.18,251.18,b
2015-08-27,228.64,248.64,b
2015-08-28,235.22,255.22,b
2015-08-29,233.22,253.22,b
2015-08-30,232.07,252.07,b
2015-08-31,231.96,251.96,b
2015-09-01,231.22,251.22,b
2015-09-02,230.58,250.58,b
2015-09-03,229.6,249.6,b
2015-09-04,230.9,250.9,b
2015-09-05,236.14,256.14,b
2015-09-06,242.91,262.90999999999997,b
2015-09-07,242.11,262.11,b
2015-09-08,245.78,265.78,b
2015-09-09,244.42,264.41999999999996,b
2015-09-10,241.29,261.28999999999996,b
2015-09-11,241.17,261.16999999999996,b
2015-09-12,240.12,260.12,b
2015-09-13,235.94,255.94,b
2015-09-14,232.44,252.44,b
2015-09-15,259.18,279.18,b
2015-09-16,231.22,251.22,b
2015-09-17,230.28,250.28,b
2015-09-18,234.35,254.35,b
2015-09-19,233.21,253.21,b
2015-09-20,232.37,252.37,b
2015-09-21,231.22,251.22,b
2015-09-22,232.39,252.39,b
2015-09-23,231.84,251.84,b
2015-09-24,235.65,255.65,b
2015-09-25,237.43,257.43,b
2015-09-26,235.4,255.4,b
2015-09-27,234.53,254.53,b
2015-09-28,239.34,259.34000000000003,b
2015-09-29,239.8,259.8,b
2015-09-30,237.73,257.73,b
2015-10-01,238.44,258.44,b
2015-10-02,238.54,258.53999999999996,b
2015-10-03,239.31,259.31,b
2015-10-04,238.97,258.97,b
2015-10-05,240.38,260.38,b
2015-10-06,246.94,266.94,b
2015-10-07,246.68,266.68,b
2015-10-08,244.25,264.25,b
2015-10-09,244.23,264.23,b
2015-10-10,245.32,265.32,b
2015-10-11,247.24,267.24,b
2015-10-12,247.45,267.45,b
2015-10-13,250.24,270.24,b
2015-10-14,254.28,274.28,b
2015-10-15,255.96,275.96000000000004,b
2015-10-16,266.13,286.13,b
2015-10-17,273.58,293.58,b
2015-10-18,271.67,291.67,b
2015-10-19,264.82,284.82,b
2015-10-20,270.83,290.83,b
2015-10-21,270.77,290.77,b
2015-10-22,276.51,296.51,b
2015-10-23,278.68,298.68,b
2015-10-24,281.71,301.71,b
2015-10-25,294.06,314.06,b
2015-10-26,285.3,305.3,b
2015-10-27,296.21,316.21,b
2015-10-28,306.33,326.33,b
2015-10-29,318.17,338.17,b
2015-10-30,334.17,354.17,b
2015-10-31,332.78,352.78,b
2015-11-01,327.47,347.47,b
2015-11-02,365.36,385.36,b
2015-11-03,417.9,437.9,b
2015-11-04,495.56,515.56,b
2015-11-05,447.56,467.56,b
2015-11-06,395.84,415.84,b
2015-11-07,390.59,410.59,b
2015-11-08,389.89,409.89,b
2015-11-09,385.28,405.28,b
2015-11-10,381.39,401.39,b
2015-11-11,340.58,360.58,b
2015-11-12,345.08,365.08,b
2015-11-13,340.91,360.91,b
2015-11-14,338.18,358.18,b
2015-11-15,334.66,354.66,b
2015-11-16,331.63,351.63,b
2015-11-17,338.35,358.35,b
2015-11-18,336.53,356.53,b
2015-11-19,335.33,355.33,b
2015-11-20,326.47,346.47,b
2015-11-21,328.16,348.16,b
2015-11-22,327.01,347.01,b
2015-11-23,325.12,345.12,b
2015-11-24,323.06,343.06,b
2015-11-25,329.13,349.13,b
2015-11-26,366.76,386.76,b
2015-11-27,363.59,383.59,b
2015-11-28,359.54,379.54,b
2015-11-29,371.94,391.94,b
2015-11-30,382.36,402.36,b
2015-12-01,378.93,398.93,b
2015-12-02,362.23,382.23,b
2015-12-03,370.27,390.27,b
2015-12-04,363.52,383.52,b
2015-12-05,389.79,409.79,b
2015-12-06,402.81,422.81,b
2015-12-07,399.97,419.97,b
2015-12-08,415.56,435.56,b
2015-12-09,423.12,443.12,b
2015-12-10,419.51,439.51,b
2015-12-11,451.94,471.94,b
2015-12-12,469.1,489.1,b
2015-12-13,441.68,461.68,b
2015-12-14,447.14,467.14,b
2015-12-15,465.32,485.32,b
2015-12-16,465.21,485.21,b
2015-12-17,457.86,477.86,b
2015-12-18,465.18,485.18,b
2015-12-19,465.58,485.58,b
2015-12-20,462.64,482.64,b
2015-12-21,444.73,464.73,b
2015-12-22,443.69,463.69,b
2015-12-23,444.53,464.53,b
2015-12-24,458.46,478.46,b
2015-12-25,458.31,478.31,b
2015-12-26,457.49,477.49,b
2015-12-27,424.01,444.01,b
2015-12-28,429.77,449.77,b
2015-12-29,432.98,452.98,b
2015-12-30,434.39,454.39,b
2015-12-31,432.92,452.92,b
2016-01-01,436.25,456.25,b
2016-01-02,436.06,456.06,b
2016-01-03,433.74,453.74,b
2016-01-04,434.52,454.52,b
2016-01-05,434.18,454.18,b
2016-01-06,431.86,451.86,b
2016-01-07,458.77,478.77,b
2016-01-08,462.93,482.93,b
2016-01-09,454.64,474.64,b
2016-01-10,448.31,468.31,b
2016-01-11,450.66,470.66,b
2016-01-12,448.18,468.18,b
2016-01-13,435.19,455.19,b
2016-01-14,433.32,453.32,b
2016-01-15,430.25,450.25,b
2016-01-16,390.56,410.56,b
2016-01-17,390.96,410.96,b
2016-01-18,388.1,408.1,b
2016-01-19,387.73,407.73,b
2016-01-20,425.27,445.27,b
2016-01-21,422.88,442.88,b
2016-01-22,410.41,430.41,b
2016-01-23,394.54,414.54,b
2016-01-24,405.49,425.49,b
2016-01-25,402.32,422.32,b
2016-01-26,397.77,417.77,b
2016-01-27,396.84,416.84,b
2016-01-28,395.5,415.5,b
2016-01-29,384.38,404.38,b
2016-01-30,380.92,400.92,b
2016-01-31,380.35,400.35,b
2016-02-01,378.07,398.07,b
2016-02-02,375.88,395.88,b
2016-02-03,374.95,394.95,b
2016-02-04,391.61,411.61,b
2016-02-05,391.09,411.09,b
2016-02-06,386.63,406.63,b
2016-02-07,380.87,400.87,b
2016-02-08,379.88,399.88,b
2016-02-09,377.25,397.25,b
2016-02-10,385.48,405.48,b
2016-02-11,383.13,403.13,b
2016-02-12,384.95,404.95,b
2016-02-13,391.86,411.86,b
2016-02-14,407.23,427.23,b
2016-02-15,410.38,430.38,b
2016-02-16,408.94,428.94,b
2016-02-17,421.17,441.17,b
2016-02-18,426.0,446.0,b
2016-02-19,423.1,443.1,b
2016-02-20,441.98,461.98,b
2016-02-21,448.05,468.05,b
2016-02-22,439.05,459.05,b
2016-02-23,439.86,459.86,b
2016-02-24,425.55,445.55,b
2016-02-25,427.72,447.72,b
2016-02-26,432.15,452.15,b
2016-02-27,434.23,454.23,b
2016-02-28,435.68,455.68,b
2016-02-29,441.51,461.51,b
2016-03-01,439.65,459.65,b
2016-03-02,435.92,455.92,b
2016-03-03,425.37,445.37,b
2016-03-04,425.18,445.18,b
2016-03-05,411.26,431.26,b
2016-03-06,411.91,431.91,b
2016-03-07,415.92,435.92,b
2016-03-08,416.24,436.24,b
2016-03-09,416.03,436.03,b
2016-03-10,417.51,437.51,b
2016-03-11,423.93,443.93,b
2016-03-12,421.8,441.8,b
2016-03-13,416.6,436.6,b
2016-03-14,416.68,436.68,b
2016-03-15,418.13,438.13,b
2016-03-16,417.69,437.69,b
2016-03-17,421.0,441.0,b
2016-03-18,420.55,440.55,b
2016-03-19,410.98,430.98,b
2016-03-20,414.63,434.63,b
2016-03-21,413.42,433.42,b
2016-03-22,418.38,438.38,b
2016-03-23,419.27,439.27,b
2016-03-24,418.68,438.68,b
2016-03-25,418.08,438.08,b
2016-03-26,418.99,438.99,b
2016-03-27,428.8,448.8,b
2016-03-28,426.86,446.86,b
2016-03-29,426.2,446.2,b
2016-03-30,416.83,436.83,b
2016-03-31,418.37,438.37,b
2016-04-01,418.17,438.17,b
2016-04-02,422.08,442.08,b
2016-04-03,421.58,441.58,b
2016-04-04,422.34,442.34,b
2016-04-05,424.26,444.26,b
2016-04-06,424.53,444.53,b
2016-04-07,423.66,443.66,b
2016-04-08,425.36,445.36,b
2016-04-09,420.89,440.89,b
2016-04-10,422.44,442.44,b
2016-04-11,422.74,442.74,b
2016-04-12,427.28,447.28,b
2016-04-13,426.66,446.66,b
2016-04-14,425.37,445.37,b
2016-04-15,429.93,449.93,b
2016-04-16,432.63,452.63,b
2016-04-17,431.37,451.37,b
2016-04-18,429.27,449.27,b
2016-04-19,436.02,456.02,b
2016-04-20,443.05,463.05,b
2016-04-21,450.55,470.55,b
2016-04-22,449.81,469.81,b
2016-04-23,450.28,470.28,b
2016-04-24,460.15,480.15,b
2016-04-25,466.62,486.62,b
2016-04-26,467.96,487.96,b
2016-04-27,467.08,487.08,b
2016-04-28,449.55,469.55,b
2016-04-29,455.38,475.38,b
2016-04-30,455.59,475.59,b
2016-05-01,452.48,472.48,b
2016-05-02,452.44,472.44,b
2016-05-03,451.1,471.1,b
2016-05-04,450.38,470.38,b
2016-05-05,448.51,468.51,b
2016-05-06,461.38,481.38,b
2016-05-07,460.68,480.68,b
2016-05-08,459.42,479.42,b
2016-05-09,462.48,482.48,b
2016-05-10,461.93,481.93,b
2016-05-11,454.58,474.58,b
2016-05-12,454.95,474.95,b
2016-05-13,457.06,477.06,b
2016-05-14,456.84,476.84,b
2016-05-15,458.69,478.69,b
2016-05-16,458.2,478.2,b
2016-05-17,455.07,475.07,b
2016-05-18,456.0,476.0,b
2016-05-19,454.63,474.63,b
2016-05-20,444.05,464.05,b
2016-05-21,443.78,463.78,b
2016-05-22,443.43,463.43,b
2016-05-23,444.35,464.35,b
2016-05-24,447.1,467.1,b
2016-05-25,450.3,470.3,b
2016-05-26,453.64,473.64,b
2016-05-27,478.15,498.15,b
2016-05-28,533.47,553.47,b
2016-05-29,553.96,573.96,b
2016-05-30,544.35,564.35,b
2016-05-31,546.62,566.62,b
2016-06-01,543.08,563.08,b
2016-06-02,540.35,560.35,b
2016-06-03,574.64,594.64,b
2016-06-04,590.13,610.13,b
2016-06-05,582.81,602.81,b
2016-06-06,586.47,606.47,b
2016-06-07,590.26,610.26,b
2016-06-08,582.84,602.84,b
2016-06-09,582.2,602.2,b
2016-06-10,579.13,599.13,b
2016-06-11,607.12,627.12,b
2016-06-12,684.84,704.84,b
2016-06-13,716.0,736.0,b
2016-06-14,704.5,724.5,b
2016-06-15,696.3,716.3,b
2016-06-16,773.72,793.72,b
2016-06-17,775.36,795.36,b
2016-06-18,777.99,797.99,b
2016-06-19,766.62,786.62,b
2016-06-20,764.08,784.08,b
2016-06-21,735.88,755.88,b
2016-06-22,678.67,698.67,b
2016-06-23,629.33,649.33,b
2016-06-24,681.73,701.73,b
2016-06-25,691.73,711.73,b
2016-06-26,665.98,685.98,b
2016-06-27,655.27,675.27,b
2016-06-28,659.25,679.25,b
2016-06-29,644.68,664.68,b
2016-06-30,675.4,695.4,b
2016-07-01,686.15,706.15,b
2016-07-02,703.7,723.7,b
2016-07-03,704.97,724.97,b
2016-07-04,683.66,703.66,b
2016-07-05,683.49,703.49,b
2016-07-06,681.9,701.9,b
2016-07-07,682.43,702.43,b
2016-07-08,666.71,686.71,b
2016-07-09,666.38,686.38,b
2016-07-10,652.29,672.29,b
2016-07-11,659.63,679.63,b
2016-07-12,675.26,695.26,b
2016-07-13,668.7,688.7,b
2016-07-14,662.9,682.9,b
2016-07-15,667.08,687.08,b
2016-07-16,666.46,686.46,b
2016-07-17,682.37,702.37,b
2016-07-18,681.55,701.55,b
2016-07-19,673.28,693.28,b
2016-07-20,672.93,692.93,b
2016-07-21,666.22,686.22,b
2016-07-22,666.58,686.58,b
2016-07-23,656.37,676.37,b
2016-07-24,663.11,683.11,b
2016-07-25,661.83,681.83,b
2016-07-26,656.23,676.23,b
2016-07-27,657.46,677.46,b
2016-07-28,657.6,677.6,b
2016-07-29,657.8,677.8,b
2016-07-30,658.22,678.22,b
2016-07-31,655.28,675.28,b
2016-08-01,626.12,646.12,b
2016-08-02,612.85,632.85,b
2016-08-03,573.36,593.36,b
2016-08-04,579.5,599.5,b
2016-08-05,578.28,598.28,b
2016-08-06,588.4,608.4,b
2016-08-07,597.51,617.51,b
2016-08-08,592.99,612.99,b
2016-08-09,591.09,611.09,b
2016-08-10,599.98,619.98,b
2016-08-11,597.54,617.54,b
2016-08-12,589.91,609.91,b
2016-08-13,589.77,609.77,b
2016-08-14,585.67,605.67,b
2016-08-15,573.58,593.58,b
2016-08-16,581.74,601.74,b
2016-08-17,580.89,600.89,b
2016-08-18,577.79,597.79,b
2016-08-19,578.24,598.24,b
2016-08-20,582.82,602.82,b
2016-08-21,584.16,604.16,b
2016-08-22,588.45,608.45,b
2016-08-23,589.47,609.47,b
2016-08-24,583.59,603.59,b
2016-08-25,580.45,600.45,b
2016-08-26,580.62,600.62,b
2016-08-27,579.85,599.85,b
2016-08-28,574.04,594.04,b
2016-08-29,576.28,596.28,b
2016-08-30,578.36,598.36,b
2016-08-31,577.86,597.86,b
2016-09-01,576.31,596.31,b
2016-09-02,575.64,595.64,b
2016-09-03,599.5,619.5,b
2016-09-04,611.84,631.84,b
2016-09-05,609.05,629.05,b
2016-09-06,610.83,630.83,b
2016-09-07,614.54,634.54,b
2016-09-08,628.77,648.77,b
2016-09-09,626.83,646.83,b
2016-09-10,625.1,645.1,b
2016-09-11,628.82,648.82,b
2016-09-12,608.46,628.46,b
2016-09-13,611.19,631.19,b
2016-09-14,611.95,631.95,b
2016-09-15,611.09,631.09,b
2016-09-16,609.26,629.26,b
2016-09-17,607.86,627.86,b
2016-09-18,610.16,630.16,b
2016-09-19,610.93,630.93,b
2016-09-20,609.52,629.52,b
2016-09-21,603.59,623.59,b
2016-09-22,598.49,618.49,b
2016-09-23,603.21,623.21,b
2016-09-24,604.58,624.58,b
2016-09-25,603.38,623.38,b
2016-09-26,608.14,628.14,b
2016-09-27,608.25,628.25,b
2016-09-28,606.59,626.59,b
2016-09-29,606.82,626.82,b
2016-09-30,609.74,629.74,b
2016-10-01,615.24,635.24,b
2016-10-02,614.0,634.0,b
2016-10-03,612.57,632.57,b
2016-10-04,612.05,632.05,b
2016-10-05,613.81,633.81,b
2016-10-06,613.82,633.82,b
2016-10-07,617.91,637.91,b
2016-10-08,619.85,639.85,b
2016-10-09,619.2,639.2,b
2016-10-10,621.32,641.32,b
2016-10-11,642.08,662.08,b
2016-10-12,641.34,661.34,b
2016-10-13,638.83,658.83,b
2016-10-14,641.28,661.28,b
2016-10-15,642.1,662.1,b
2016-10-16,642.9,662.9,b
2016-10-17,642.33,662.33,b
2016-10-18,640.74,660.74,b
2016-10-19,638.87,658.87,b
2016-10-20,631.92,651.92,b
2016-10-21,634.09,654.09,b
2016-10-22,658.2,678.2,b
2016-10-23,661.13,681.13,b
2016-10-24,657.25,677.25,b
2016-10-25,664.42,684.42,b
2016-10-26,679.73,699.73,b
2016-10-27,688.59,708.59,b
2016-10-28,690.44,710.44,b
2016-10-29,720.4,740.4,b
2016-10-30,714.12,734.12,b
2016-10-31,709.29,729.29,b
2016-11-01,736.45,756.45,b
2016-11-02,740.83,760.83,b
2016-11-03,745.77,765.77,b
2016-11-04,706.93,726.93,b
2016-11-05,707.51,727.51,b
2016-11-06,714.26,734.26,b
2016-11-07,710.74,730.74,b
2016-11-08,712.99,732.99,b
2016-11-09,740.05,760.05,b
2016-11-10,723.02,743.02,b
2016-11-11,718.32,738.32,b
2016-11-12,717.15,737.15,b
2016-11-13,705.26,725.26,b
2016-11-14,706.28,726.28,b
2016-11-15,715.72,735.72,b
2016-11-16,747.62,767.62,b
2016-11-17,755.64,775.64,b
2016-11-18,752.88,772.88,b
2016-11-19,756.24,776.24,b
2016-11-20,755.48,775.48,b
2016-11-21,741.72,761.72,b
2016-11-22,753.87,773.87,b
2016-11-23,752.25,772.25,b
2016-11-24,746.83,766.83,b
2016-11-25,741.65,761.65,b
2016-11-26,742.21,762.21,b
2016-11-27,739.02,759.02,b
2016-11-28,738.01,758.01,b
2016-11-29,737.47,757.47,b
2016-11-30,747.93,767.93,b
2016-12-01,758.27,778.27,b
2016-12-02,781.3,801.3,b
2016-12-03,778.25,798.25,b
2016-12-04,773.87,793.87,b
2016-12-05,773.47,793.47,b
2016-12-06,765.62,785.62,b
2016-12-07,771.54,791.54,b
2016-12-08,774.7,794.7,b
2016-12-09,774.53,794.53,b
2016-12-10,777.09,797.09,b
2016-12-11,774.8,794.8,b
2016-12-12,781.92,801.92,b
2016-12-13,788.46,808.46,b
2016-12-14,782.03,802.03,b
2016-12-15,781.43,801.43,b
2016-12-16,785.03,805.03,b
2016-12-17,792.51,812.51,b
2016-12-18,794.74,814.74,b
2016-12-19,793.61,813.61,b
2016-12-20,801.34,821.34,b
2016-12-21,834.28,854.28,b
2016-12-22,875.78,895.78,b
2016-12-23,925.12,945.12,b
2016-12-24,923.48,943.48,b
2016-12-25,899.65,919.65,b
2016-12-26,913.18,933.18,b
2016-12-27,940.05,960.05,b
2016-12-28,975.92,995.92,b
2016-12-29,979.4,999.4,b
2016-12-30,972.53,992.53,b
2016-12-31,963.74,983.74,b
2017-01-01,1003.08,1023.08,b
2017-01-02,1031.39,1051.39,b
2017-01-03,1044.08,1064.08,b
2017-01-04,1159.42,1179.42,b
2017-01-05,1191.1,1211.1,b
2017-01-06,1046.81,1066.81,b
2017-01-07,908.59,928.59,b
2017-01-08,942.72,962.72,b
2017-01-09,913.69,933.69,b
2017-01-10,914.87,934.87,b
2017-01-11,919.45,939.45,b
2017-01-12,826.25,846.25,b
2017-01-13,829.0,849.0,b
2017-01-14,835.09,855.09,b
2017-01-15,823.31,843.31,b
2017-01-16,834.53,854.53,b
2017-01-17,910.56,930.56,b
2017-01-18,917.5,937.5,b
2017-01-19,904.61,924.61,b
2017-01-20,899.4,919.4,b
2017-01-21,927.37,947.37,b
2017-01-22,937.52,957.52,b
2017-01-23,928.27,948.27,b
2017-01-24,924.14,944.14,b
2017-01-25,903.25,923.25,b
2017-01-26,919.33,939.33,b
2017-01-27,923.22,943.22,b
2017-01-28,923.91,943.91,b
2017-01-29,923.42,943.42,b
2017-01-30,923.05,943.05,b
2017-01-31,972.02,992.02,b
2017-02-01,989.11,1009.11,b
2017-02-02,1013.52,1033.52,b
2017-02-03,1033.87,1053.87,b
2017-02-04,1045.9,1065.9,b
2017-02-05,1043.63,1063.63,b
2017-02-06,1044.64,1064.64,b
2017-02-07,1061.93,1081.93,b
2017-02-08,1078.97,1098.97,b
2017-02-09,1088.99,1108.99,b
2017-02-10,998.9,1018.9,b
2017-02-11,1009.29,1029.29,b
2017-02-12,1004.76,1024.76,b
2017-02-13,1002.1,1022.1,b
2017-02-14,1011.51,1031.51,b
2017-02-15,1008.84,1028.8400000000001,b
2017-02-16,1033.37,1053.37,b
2017-02-17,1053.17,1073.17,b
2017-02-18,1061.1,1081.1,b
2017-02-19,1056.81,1076.81,b
2017-02-20,1080.49,1100.49,b
2017-02-21,1117.25,1137.25,b
2017-02-22,1125.39,1145.39,b
2017-02-23,1176.62,1196.62,b
2017-02-24,1200.39,1220.39,b
2017-02-25,1174.85,1194.85,b
2017-02-26,1167.47,1187.47,b
2017-02-27,1181.98,1201.98,b
2017-02-28,1193.25,1213.25,b
2017-03-01,1222.5,1242.5,b
2017-03-02,1262.13,1282.13,b
2017-03-03,1280.31,1300.31,b
2017-03-04,1279.4,1299.4,b
2017-03-05,1267.29,1287.29,b
2017-03-06,1276.0,1296.0,b
2017-03-07,1275.55,1295.55,b
2017-03-08,1232.16,1252.16,b
2017-03-09,1197.46,1217.46,b
2017-03-10,1270.47,1290.47,b
2017-03-11,1193.83,1213.83,b
2017-03-12,1226.98,1246.98,b
2017-03-13,1237.37,1257.37,b
2017-03-14,1244.81,1264.81,b
2017-03-15,1251.61,1271.61,b
2017-03-16,1257.98,1277.98,b
2017-03-17,1180.16,1200.16,b
2017-03-18,1114.07,1134.07,b
2017-03-19,1069.91,1089.91,b
2017-03-20,1063.03,1083.03,b
2017-03-21,1122.43,1142.43,b
2017-03-22,1120.65,1140.65,b
2017-03-23,1058.01,1078.01,b
2017-03-24,1040.47,1060.47,b
2017-03-25,975.76,995.76,b
2017-03-26,1007.96,1027.96,b
2017-03-27,1046.4,1066.4,b
2017-03-28,1064.65,1084.65,b
2017-03-29,1055.13,1075.13,b
2017-03-30,1049.29,1069.29,b
2017-03-31,1074.92,1094.92,b
2017-04-01,1091.72,1111.72,b
2017-04-02,1107.59,1127.59,b
2017-04-03,1151.74,1171.74,b
2017-04-04,1156.44,1176.44,b
2017-04-05,1135.09,1155.09,b
2017-04-06,1188.37,1208.37,b
2017-04-07,1186.58,1206.58,b
2017-04-08,1184.98,1204.98,b
2017-04-09,1197.21,1217.21,b
2017-04-10,1190.34,1210.34,b
2017-04-11,1208.07,1228.07,b
2017-04-12,1207.14,1227.14,b
2017-04-13,1205.89,1225.89,b
2017-04-14,1190.8,1210.8,b
2017-04-15,1188.0,1208.0,b
2017-04-16,1187.22,1207.22,b
2017-04-17,1194.9,1214.9,b
2017-04-18,1217.57,1237.57,b
2017-04-19,1215.51,1235.51,b
2017-04-20,1240.79,1260.79,b
2017-04-21,1235.94,1255.94,b
2017-04-22,1235.56,1255.56,b
2017-04-23,1232.2,1252.2,b
2017-04-24,1250.94,1270.94,b
2017-04-25,1267.58,1287.58,b
2017-04-26,1294.83,1314.83,b
2017-04-27,1319.7,1339.7,b
2017-04-28,1331.28,1351.28,b
2017-04-29,1327.2,1347.2,b
2017-04-30,1347.91,1367.91,b
2017-05-01,1434.32,1454.32,b
2017-05-02,1473.9,1493.9,b
2017-05-03,1492.77,1512.77,b
2017-05-04,1608.91,1628.91,b
2017-05-05,1618.03,1638.03,b
2017-05-06,1578.8,1598.8,b
2017-05-07,1596.72,1616.72,b
2017-05-08,1723.35,1743.35,b
2017-05-09,1833.49,1853.49,a
2017-05-10,1788.44,1808.44,b
2017-05-11,1873.93,1893.93,a
2017-05-12,1856.15,1876.15,a
2017-05-13,1812.99,1832.99,a
2017-05-14,1831.42,1851.42,a
2017-05-15,1812.8,1832.8,a
2017-05-16,1785.94,1805.94,b
2017-05-17,1864.05,1884.05,a
2017-05-18,1904.48,1924.48,a
2017-05-19,2004.52,2024.52,a
2017-05-20,2084.73,2104.73,a
2017-05-21,2119.08,2139.08,a
2017-05-22,2303.9,2323.9,a
2017-05-23,2320.82,2340.82,a
2017-05-24,2523.72,2543.72,a
2017-05-25,2763.71,2783.71,a
2017-05-26,2573.79,2593.79,a
2017-05-27,2260.2,2280.2,a
2017-05-28,2267.34,2287.34,a
2017-05-29,2307.05,2327.05,a
2017-05-30,2301.96,2321.96,a
2017-05-31,2311.08,2331.08,a
2017-06-01,2448.39,2468.39,a
2017-06-02,2488.55,2508.55,a
2017-06-03,2581.91,2601.91,a
2017-06-04,2585.89,2605.89,a
2017-06-05,2686.81,2706.81,a
2017-06-06,2999.91,3019.91,a
2017-06-07,2869.38,2889.38,a
2017-06-08,2815.3,2835.3,a
2017-06-09,2901.71,2921.71,a
2017-06-10,2950.99,2970.99,a
2017-06-11,2996.6,3016.6,a
2017-06-12,2997.26,3017.26,a
2017-06-13,2789.04,2809.04,a
2017-06-14,2786.83,2806.83,a
2017-06-15,2534.71,2554.71,a
2017-06-16,2539.92,2559.92,a
2017-06-17,2685.19,2705.19,a
2017-06-18,2662.1,2682.1,a
2017-06-19,2662.85,2682.85,a
2017-06-20,2763.45,2783.45,a
2017-06-21,2772.01,2792.01,a
2017-06-22,2723.74,2743.74,a
2017-06-23,2765.17,2785.17,a
2017-06-24,2757.94,2777.94,a
2017-06-25,2682.26,2702.26,a
2017-06-26,2615.25,2635.25,a
2017-06-27,2552.45,2572.45,a
2017-06-28,2603.98,2623.98,a
2017-06-29,2588.83,2608.83,a
2017-06-30,2559.25,2579.25,a
2017-07-01,2515.27,2535.27,a
2017-07-02,2514.28,2534.28,a
2017-07-03,2595.0,2615.0,a
2017-07-04,2631.59,2651.59,a
2017-07-05,2622.65,2642.65,a
2017-07-06,2616.72,2636.72,a
2017-07-07,2916.14,2936.14,a
2017-07-08,2571.34,2591.34,a
2017-07-09,2635.49,2655.49,a
2017-07-10,2537.16,2557.16,a
2017-07-11,2413.47,2433.47,a
2017-07-12,2423.71,2443.71,a
2017-07-13,2425.22,2445.22,a
2017-07-14,2363.25,2383.25,a
2017-07-15,2231.14,2251.14,a
2017-07-16,2058.77,2078.77,a
2017-07-17,2230.49,2250.49,a
2017-07-18,2387.61,2407.61,a
2017-07-19,2397.17,2417.17,a
2017-07-20,2900.7,2920.7,a
2017-07-21,2838.41,2858.41,a
2017-07-22,2862.42,2882.42,a
2017-07-23,2832.18,2852.18,a
2017-07-24,2777.26,2797.26,a
2017-07-25,2768.08,2788.08,a
2017-07-26,2610.76,2630.76,a
2017-07-27,2693.32,2713.32,a
2017-07-28,2897.45,2917.45,a
2017-07-29,2808.76,2828.76,a
2017-07-30,2758.53,2778.53,a
2017-07-31,2889.62,2909.62,a
2017-08-01,2921.35,2941.35,a
2017-08-02,2762.53,2782.53,a
2017-08-03,2813.31,2833.31,a
2017-08-04,2899.33,2919.33,a
2017-08-05,3290.01,3310.01,a
2017-08-06,3293.29,3313.29,a
2017-08-07,3397.68,3417.68,a
2017-08-08,3484.85,3504.85,a
2017-08-09,3422.76,3442.76,a
2017-08-10,3453.45,3473.45,a
2017-08-11,3679.72,3699.72,a
2017-08-12,3949.92,3969.92,a
2017-08-13,4208.39,4228.39,a
2017-08-14,4325.13,4345.13,a
2017-08-15,4455.97,4475.97,a
2017-08-16,4381.23,4401.23,a
2017-08-17,4484.7,4504.7,a
2017-08-18,4370.13,4390.13,a
2017-08-19,4243.26,4263.26,a
2017-08-20,4196.29,4216.29,a
2017-08-21,4109.14,4129.14,a
2017-08-22,4128.76,4148.76,a
2017-08-23,4255.78,4275.78,a
2017-08-24,4376.39,4396.39,a
2017-08-25,4455.7,4475.7,a
2017-08-26,4379.28,4399.28,a
2017-08-27,4416.59,4436.59,a
2017-08-28,4403.93,4423.93,a
2017-08-29,4625.68,4645.68,a
2017-08-30,4626.52,4646.52,a
2017-08-31,4736.05,4756.05,a
2017-09-01,4892.01,4912.01,a
2017-09-02,4975.04,4995.04,a
2017-09-03,4714.08,4734.08,a
2017-09-04,4591.63,4611.63,a
2017-09-05,4427.84,4447.84,a
2017-09-06,4617.25,4637.25,a
2017-09-07,4655.04,4675.04,a
2017-09-08,4661.0,4681.0,a
2017-09-09,4308.82,4328.82,a
2017-09-10,4245.44,4265.44,a
2017-09-11,4261.67,4281.67,a
2017-09-12,4344.65,4364.65,a
2017-09-13,4131.98,4151.98,a
2017-09-14,3920.6,3940.6,a
2017-09-15,3733.45,3753.45,a
2017-09-16,3808.84,3828.84,a
2017-09-17,3664.81,3684.81,a
2017-09-18,4079.23,4099.23,a
2017-09-19,4094.07,4114.07,a
2017-09-20,4031.39,4051.39,a
2017-09-21,3916.42,3936.42,a
2017-09-22,3758.27,3778.27,a
2017-09-23,3819.21,3839.21,a
2017-09-24,3796.15,3816.15,a
2017-09-25,3950.25,3970.25,a
2017-09-26,3969.89,3989.89,a
2017-09-27,4210.05,4230.05,a
2017-09-28,4279.31,4299.31,a
2017-09-29,4214.63,4234.63,a
2017-09-30,4358.43,4378.43,a
2017-10-01,4403.74,4423.74,a
2017-10-02,4470.23,4490.23,a
2017-10-03,4432.47,4452.47,a
2017-10-04,4352.31,4372.31,a
2017-10-05,4362.64,4382.64,a
2017-10-06,4413.27,4433.27,a
2017-10-07,4443.88,4463.88,a
2017-10-08,4624.14,4644.14,a
2017-10-09,4878.71,4898.71,a
2017-10-10,4922.17,4942.17,a
2017-10-11,4873.73,4893.73,a
2017-10-12,5446.91,5466.91,a
2017-10-13,5840.3,5860.3,a
2017-10-14,5837.7,5857.7,a
2017-10-15,5852.48,5872.48,a
2017-10-16,5776.23,5796.23,a
2017-10-17,5800.35,5820.35,a
2017-10-18,5603.82,5623.82,a
2017-10-19,5744.35,5764.35,a
2017-10-20,6060.11,6080.11,a
2017-10-21,6194.88,6214.88,a
2017-10-22,6076.26,6096.26,a
2017-10-23,6075.59,6095.59,a
2017-10-24,5935.52,5955.52,a
2017-10-25,5754.33,5774.33,a
2017-10-26,5976.8,5996.8,a
2017-10-27,5988.39,6008.39,a
2017-10-28,5876.72,5896.72,a
2017-10-29,6255.71,6275.71,a
2017-10-30,6214.99,6234.99,a
2017-10-31,6470.43,6490.43,a
2017-11-01,6767.31,6787.31,a
2017-11-02,7367.33,7387.33,a
2017-11-03,7461.29,7481.29,a
2017-11-04,7492.86,7512.86,a
2017-11-05,7617.48,7637.48,a
2017-11-06,7445.77,7465.77,a
2017-11-07,7253.32,7273.32,a
2017-11-08,7776.42,7796.42,a
2017-11-09,7446.83,7466.83,a
2017-11-10,7312.0,7332.0,a
2017-11-11,6873.15,6893.15,a
2017-11-12,6625.05,6645.05,a
2017-11-13,6811.19,6831.19,a
2017-11-14,6764.98,6784.98,a
2017-11-15,7342.25,7362.25,a
2017-11-16,7967.38,7987.38,a
2017-11-17,8004.59,8024.59,a
2017-11-18,7884.99,7904.99,a
2017-11-19,8101.91,8121.91,a
2017-11-20,8336.86,8356.86,a
2017-11-21,8348.66,8368.66,a
2017-11-22,8302.26,8322.26,a
2017-11-23,8267.4,8287.4,a
2017-11-24,8374.16,8394.16,a
2017-11-25,8790.92,8810.92,a
2017-11-26,9522.93,9542.93,a
2017-11-27,9818.35,9838.35,a
2017-11-28,10125.7,10145.7,a
2017-11-29,11517.4,11537.4,a
2017-11-30,10801.0,10821.0,a
2017-12-01,11046.7,11066.7,a
2017-12-02,11320.2,11340.2,a
2017-12-03,11858.7,11878.7,a
2017-12-04,11657.2,11677.2,a
2017-12-05,12032.0,12052.0,a
2017-12-06,14369.1,14389.1,a
2017-12-07,17899.7,17919.7,a
2017-12-08,18353.4,18373.4,a
2017-12-09,16783.0,16803.0,a
2017-12-10,15850.6,15870.6,a
2017-12-11,17513.9,17533.9,a
2017-12-12,17781.8,17801.8,a
2017-12-13,17653.1,17673.1,a
2017-12-14,17085.8,17105.8,a
2017-12-15,18154.1,18174.1,a
2017-12-16,19716.7,19736.7,a
2017-12-17,20089.0,20109.0,a
2017-12-18,19371.0,19391.0,a
2017-12-19,19177.8,19197.8,a
2017-12-20,17934.7,17954.7,a
2017-12-21,17567.7,17587.7,a
2017-12-22,15943.4,15963.4,a
2017-12-23,15603.2,15623.2,a
2017-12-24,14626.0,14646.0,a
2017-12-25,14593.0,14613.0,a
2017-12-26,16461.2,16481.2,a
2017-12-27,16930.9,16950.9,a
2017-12-28,15888.4,15908.4,a
2017-12-29,15279.0,15299.0,a
2017-12-30,14681.9,14701.9,a
2017-12-31,14377.4,14397.4,a
2018-01-01,14112.2,14132.2,a
2018-01-02,15444.6,15464.6,a
2018-01-03,15572.8,15592.8,a
2018-01-04,15739.7,15759.7,a
2018-01-05,17705.2,17725.2,a
2018-01-06,17712.4,17732.4,a
2018-01-07,17579.6,17599.6,a
2018-01-08,16537.9,16557.9,a
2018-01-09,15497.5,15517.5,a
2018-01-10,14973.3,14993.3,a
2018-01-11,15018.8,15038.8,a
2018-01-12,14229.9,14249.9,a
2018-01-13,14659.5,14679.5,a
2018-01-14,14511.8,14531.8,a
2018-01-15,14445.5,14465.5,a
2018-01-16,13843.1,13863.1,a
2018-01-17,11678.0,11698.0,a
2018-01-18,12107.3,12127.3,a
2018-01-19,11992.8,12012.8,a
2018-01-20,13103.0,13123.0,a
2018-01-21,12895.9,12915.9,a
2018-01-22,11966.4,11986.4,a
2018-01-23,11377.6,11397.6,a
2018-01-24,11501.4,11521.4,a
2018-01-25,11785.7,11805.7,a
2018-01-26,11656.7,11676.7,a
2018-01-27,11614.9,11634.9,a
2018-01-28,12040.3,12060.3,a
2018-01-29,11875.6,11895.6,a
2018-01-30,11307.2,11327.2,a
2018-01-31,10381.6,10401.6,a
2018-02-01,10288.8,10308.8,a
2018-02-02,9142.28,9162.28,a
2018-02-03,9430.75,9450.75,a
2018-02-04,9334.87,9354.87,a
2018-02-05,8364.84,8384.84,a
2018-02-06,7850.7,7870.7,a
2018-02-07,8509.11,8529.11,a
2018-02-08,8558.77,8578.77,a
2018-02-09,8736.98,8756.98,a
2018-02-10,9122.55,9142.55,a
2018-02-11,8616.13,8636.13,a
2018-02-12,8985.92,9005.92,a
2018-02-13,8958.47,8978.47,a
2018-02-14,9518.54,9538.54,a
2018-02-15,10234.8,10254.8,a
2018-02-16,10324.1,10344.1,a
2018-02-17,11139.5,11159.5,a
2018-02-18,11349.8,11369.8,a
2018-02-19,11273.8,11293.8,a
2018-02-20,11958.5,11978.5,a
2018-02-21,11418.5,11438.5,a
2018-02-22,11039.1,11059.1,a
2018-02-23,10487.3,10507.3,a
2018-02-24,10597.2,10617.2,a
2018-02-25,9923.22,9943.22,a
2018-02-26,10475.0,10495.0,a
2018-02-27,10878.5,10898.5,a
2018-02-28,11089.8,11109.8,a
2018-03-01,11052.3,11072.3,a
2018-03-02,11189.0,11209.0,a
2018-03-03,11528.2,11548.2,a
2018-03-04,11512.6,11532.6,a
2018-03-05,11704.1,11724.1,a
2018-03-06,11500.1,11520.1,a
2018-03-07,10929.5,10949.5,a
2018-03-08,10147.4,10167.4,a
2018-03-09,9466.35,9486.35,a
2018-03-10,9531.32,9551.32,a
2018-03-11,9711.89,9731.89,a
2018-03-12,9937.5,9957.5,a
2018-03-13,9470.38,9490.38,a
2018-03-14,9355.85,9375.85,a
2018-03-15,8428.35,8448.35,a
2018-03-16,8585.15,8605.15,a
2018-03-17,8346.53,8366.53,a
2018-03-18,8245.51,8265.51,a
2018-03-19,8675.87,8695.87,a
2018-03-20,9051.02,9071.02,a
2018-03-21,9177.37,9197.37,a
2018-03-22,9100.71,9120.71,a
2018-03-23,8879.62,8899.62,a
2018-03-24,8996.18,9016.18,a
2018-03-25,8682.01,8702.01,a
2018-03-26,8530.08,8550.08,a
2018-03-27,8232.78,8252.78,a
2018-03-28,8122.89,8142.89,a
2018-03-29,7994.33,8014.33,a
2018-03-30,7276.66,7296.66,a
2018-03-31,7207.85,7227.85,a
2018-04-01,7060.95,7080.95,a
2018-04-02,7135.47,7155.47,a
2018-04-03,7530.94,7550.94,a
2018-04-04,7469.88,7489.88,a
2018-04-05,6933.82,6953.82,a
2018-04-06,6857.49,6877.49,a
2018-04-07,7050.54,7070.54,a
2018-04-08,7111.56,7131.56,a
2018-04-09,7178.11,7198.11,a
2018-04-10,6872.41,6892.41,a
2018-04-11,6968.32,6988.32,a
2018-04-12,7899.23,7919.23,a
2018-04-13,8183.96,8203.96,a
2018-04-14,8140.71,8160.71,a
2018-04-15,8338.42,8358.42,a
2018-04-16,8371.15,8391.15,a
2018-04-17,8285.96,8305.96,a
2018-04-18,8197.8,8217.8,a
2018-04-19,8298.69,8318.69,a
2018-04-20,8880.23,8900.23,a
2018-04-21,8997.57,9017.57,a
2018-04-22,9001.64,9021.64,a
2018-04-23,8958.55,8978.55,a
